product_name,review
iPhone 15 Pro,Absolutely love this phone. The camera system is unreal — ProRes video on a phone!
iPhone 15 Pro,Battery life is disappointing for the price. Expected more from Apple.
iPhone 15 Pro,The titanium build feels premium. Best phone I've ever owned.
iPhone 15 Pro,USB-C switch is a game changer. Finally.
iPhone 15 Pro,Gets warm during gaming sessions. Not ideal.
Samsung Galaxy S24,Snapdragon chip makes this blazing fast. No lag whatsoever.
Samsung Galaxy S24,Display is gorgeous. Colours are vibrant and blacks are deep.
Samsung Galaxy S24,Camera app is a bit complex but photos turn out great.
Samsung Galaxy S24,Bixby is still annoying and can't be fully disabled.
Samsung Galaxy S24,Great value vs iPhone. Switching was the right call.
Google Pixel 8 Pro,The AI features are genuinely useful, not just gimmicks.
Google Pixel 8 Pro,Seven years of OS updates is a huge deal for longevity.
Google Pixel 8 Pro,Night Sight is still the best low-light camera on any phone.
Google Pixel 8 Pro,Fingerprint reader is a bit slow compared to competitors.
Google Pixel 8 Pro,Pure Android experience — no bloatware at all.
OnePlus 12,Fastest charging I have ever seen. 0 to 100 in under 30 minutes.
OnePlus 12,Hasselblad camera tuning is noticeably better than last year.
OnePlus 12,OxygenOS feels clean but a few Samsung habits crept in.
OnePlus 12,Speaker quality is surprisingly good for the price.
OnePlus 12,No wireless charging in some regions is frustrating.
